resolution,dx,profile,index,sample,defect_peak_abs,defect_support_px,visibility_z,visibility_ratio,ideal_visibility_z,ideal_visibility_ratio,signal_retention_mask,relative_delta_mean,relative_delta_mask_mean,corr_ix_vs_ideal,corr_iy_vs_ideal,mask_mean_di,bg_mean_di,bg_std_di
64,3.12,near_identity,0,sample_0000,0.30165812373161316,10,21.095559990297467,154.27290323470345,46.159053337508404,933.1682904022312,2.475081863659337,6.244311332702637,2.5836455821990967,0.05486508716111116,-0.26259147804093624,1.2840402126312256,0.008323173969984055,0.0604732483625412
64,3.12,near_identity,1,sample_0001,0.12469366192817688,7,47.388051075664855,340.9552561473748,26.332847625685446,842.3755729905474,12.080046985731272,19.108518600463867,12.351653099060059,-0.2939558747425469,0.8580213821492261,1.070101022720337,0.003138537984341383,0.02251543290913105
64,3.12,near_identity,2,sample_0002,0.08706062287092209,5,11.280606012518671,122.53713367108669,42.459809033980136,1195.9827937133755,3.709340123655998,16.39230728149414,3.515031099319458,0.6207803199607537,0.9240879522655762,0.26025325059890747,0.0021238725166767836,0.022882580757141113
64,3.12,near_identity,3,sample_0003,0.14414919912815094,214,7.477576524894239,15.608652533806572,11.708993963855395,88.64342848476012,4.096031427558759,7.619359493255615,4.372044086456299,0.07943485440557999,-0.06424528829780832,0.6645417809486389,0.04257521778345108,0.08317755907773972
64,3.12,near_identity,4,sample_0004,0.2100750356912613,119,4.661627594956635,10.856181301693303,9.641551384854312,73.04368379140259,1.4529219800160458,4.492969989776611,1.9636150598526,-0.08812742642495963,-0.02400636912837781,0.7682207226753235,0.07076343894004822,0.14961668848991394
64,3.12,near_identity,5,sample_0005,0.29411783814430237,122,8.977388619856653,21.838449483074463,11.852975919960725,74.68380730132057,4.072873903957768,7.348241329193115,4.317709445953369,-0.14184849686366566,-0.10545466115569908,1.2627688646316528,0.057823192328214645,0.13422006368637085
64,3.12,near_identity,6,sample_0006,0.2556737959384918,111,8.893241476093941,21.987493351074832,12.055863211846424,84.38295421426741,4.081705659738809,7.736006259918213,4.232944965362549,-0.06612640281088318,-0.016728376818696884,1.1041858196258545,0.05021881312131882,0.11851325631141663
64,3.12,near_identity,7,sample_0007,0.22781510651111603,5,58.170558083948315,413.16164856640256,17.422779531097532,748.9636255599795,15.766965071837264,22.479934692382812,15.108201026916504,0.8980454672901551,-0.051044407174822344,1.6182838678359985,0.003916829824447632,0.027752304449677467
64,3.12,near_identity,8,sample_0008,0.14925335347652435,64,4.118702709082313,12.952815831009353,4.603803257181418,37.38575652020291,2.374511500415713,5.467324733734131,2.6197938919067383,-0.007213764158604351,0.05233649304289825,0.4817449152469635,0.037192292511463165,0.1079351082444191
64,3.12,near_identity,9,sample_0009,0.23388078808784485,43,3.599504374308745,13.751964736914084,4.566898183739947,42.90448210268205,3.760196820073438,9.39084243774414,3.958371639251709,0.029881000560493608,-0.03693945233968105,0.6005213856697083,0.04366804286837578,0.1547027826309204
64,3.12,near_identity,10,sample_0010,0.21830163896083832,117,7.636327317082626,16.97222141967572,9.078749881340084,57.91454075006267,2.8383117106136204,5.68222188949585,3.098193407058716,-0.09564772446191296,-0.08632568245108256,0.9260508418083191,0.05456273630261421,0.11412398517131805
64,3.12,near_identity,11,sample_0011,0.33082783222198486,325,5.462900570428404,9.620022230285874,8.020965957591939,66.82462884062697,1.3624034019331137,3.0119128227233887,1.7957959175109863,0.0411343096582167,-0.0408782868796354,1.257818341255188,0.13075004518032074,0.20631316304206848
64,3.12,near_identity,12,sample_0012,0.11915162950754166,145,5.881198330253543,13.025585890134389,6.80639353488545,57.79935041103083,1.497456928483582,3.545990228652954,1.8962770700454712,-0.08641264776633824,0.05605537011621603,0.5404221415519714,0.04148927703499794,0.0848352387547493
64,3.12,near_identity,13,sample_0013,0.029531186446547508,4,18.883636837624397,201.24088644659116,23.562942240952843,753.4766062912314,3.739911129273753,9.664847373962402,3.4843688011169434,0.8954422940660478,0.2613407675591366,0.15355297923088074,0.0007630307227373123,0.00809112936258316
64,3.12,near_identity,14,sample_0014,0.21703191101551056,118,9.587824924492425,21.380158496661554,10.532263002097402,69.09453000169079,4.922531661012487,8.65374755859375,4.9961442947387695,0.016709539962016677,-0.08120182600675953,0.8225072026252747,0.03847058489918709,0.08177419006824493
64,3.12,near_identity,15,sample_0015,0.05553796514868736,2,21.74343315903259,239.48902694142745,19.768682138065607,651.4318971200709,4.583777558320122,10.565973281860352,3.8276426792144775,-0.3933571130222201,0.589043417068102,0.2833651006221771,0.0011832070304080844,0.012977798469364643
64,3.12,weak,0,sample_0000,0.30165812373161316,10,0.9747206635571624,12.596062077691261,46.159053337508404,933.1682904022312,0.3564210624760378,8.848421096801758,1.0387160778045654,0.05647576159640823,0.008952254923124955,0.18490660190582275,0.014679715037345886,0.1746417135000229
64,3.12,weak,1,sample_0001,0.12469366192817688,7,1.7603709940204308,20.166437615169823,26.332847625685446,842.3755729905474,1.3277671087601424,23.873071670532227,1.9753350019454956,0.013792503814628394,-0.06349182223956444,0.11761915683746338,0.005832421127706766,0.06350180506706238
64,3.12,weak,2,sample_0002,0.08706062287092209,5,0.8778616906635339,10.045792612874118,42.459809033980136,1195.9827937133755,0.4882324188209513,24.565942764282227,1.3934458494186401,-0.02882681855995476,-0.0035630259484396047,0.034255169332027435,0.003409902099519968,0.03513681888580322
64,3.12,weak,3,sample_0003,0.14414919912815094,214,1.3301275593839526,10.351975693231386,11.708993963855395,88.64342848476012,3.672885785875876,8.815047264099121,4.125220775604248,-0.002160294664502252,0.03687207476065286,0.595890462398529,0.057562969624996185,0.40471869707107544
64,3.12,weak,4,sample_0004,0.2100750356912613,119,1.1437073294160576,6.502640508658323,9.641551384854312,73.04368379140259,0.91110582035454,4.394150257110596,1.5289417505264282,0.008797406529947687,0.009616154018621967,0.4817398190498352,0.07408372312784195,0.3564339280128479
64,3.12,weak,5,sample_0005,0.29411783814430237,122,3.528030505042152,18.18554168330462,11.852975919960725,74.68380730132057,3.4019036194145342,7.269088268280029,4.12038516998291,-0.09536819704125502,0.0785809892507369,1.0547387599945068,0.05799875408411026,0.28252023458480835
64,3.12,weak,6,sample_0006,0.2556737959384918,111,2.1897120867418183,15.548112034490421,12.055863211846424,84.38295421426741,2.9416251853000848,7.355512619018555,3.5291829109191895,0.014627787608651473,0.0175159157815097,0.7957704663276672,0.051181163638830185,0.34003981947898865
64,3.12,weak,7,sample_0007,0.22781510651111603,5,1.44679607949847,18.927383207121046,17.422779531097532,748.9636255599795,1.6868105340463622,35.98842239379883,1.8739311695098877,0.013586737425594325,0.029272966906801937,0.17313022911548615,0.00914707686752081,0.1133422702550888
64,3.12,weak,8,sample_0008,0.14925335347652435,64,1.1473445075962165,7.757662704845092,4.603803257181418,37.38575652020291,1.1950585964469018,4.7187042236328125,1.7805843353271484,-0.030946158217512988,-0.0052000878205764834,0.24245551228523254,0.03125368058681488,0.18407882750034332
64,3.12,weak,9,sample_0009,0.23388078808784485,43,3.926945623848086,20.437701840402116,4.566898183739947,42.90448210268205,3.7482150398139287,7.11916971206665,4.171469688415527,0.03229622085889539,0.04915582437452414,0.5986078381538391,0.02928939089179039,0.1449774205684662
64,3.12,weak,10,sample_0010,0.21830163896083832,117,1.3332239400050145,9.681551930095,9.078749881340084,57.91454075006267,1.677636049947825,5.335742473602295,2.2160587310791016,0.043142912630228444,0.04522994445110051,0.5473592877388,0.056536316871643066,0.36814743280410767
64,3.12,weak,11,sample_0011,0.33082783222198486,325,1.3682477013302654,7.395790007725963,8.020965957591939,66.82462884062697,1.1443137787084268,3.150346517562866,1.8198620080947876,0.016496873397101652,-0.01186291123819572,1.0564703941345215,0.14284753799438477,0.6677320599555969
64,3.12,weak,12,sample_0012,0.11915162950754166,145,1.2161792854929732,6.540228242411105,6.80639353488545,57.79935041103083,0.751189906098227,3.3329169750213623,1.4391402006149292,0.0013675488716650799,-0.01259399332421746,0.27109938859939575,0.04145105928182602,0.18882769346237183
64,3.12,weak,13,sample_0013,0.029531186446547508,4,4.0277976982929165,52.68258756508603,23.562942240952843,753.4766062912314,1.4955648110830182,13.234758377075195,1.1950242519378662,-0.015174866160188295,-0.48514925411813625,0.06140478327870369,0.001165561261586845,0.014955870807170868
64,3.12,weak,14,sample_0014,0.21703191101551056,118,1.6135200761021575,14.651269337820258,10.532263002097402,69.09453000169079,4.399325832616249,10.305588722229004,4.959847450256348,0.04890519170143548,0.02510568360792093,0.735084593296051,0.050172075629234314,0.42448341846466064
64,3.12,weak,15,sample_0015,0.05553796514868736,2,0.0383367825453189,1.257736940054594,19.768682138065607,651.4318971200709,0.038749192952773834,16.180553436279297,1.038225769996643,0.00733349583759136,-0.013527932558332368,0.0023954410571604967,0.001904564443975687,0.012804324738681316
64,3.12,mid,0,sample_0000,0.30165812373161316,10,0.07945164843740685,1.3024947634918527,46.159053337508404,933.1682904022312,0.049439815145130274,11.741337776184082,1.0080392360687256,-0.025690797530728882,0.0047029570108786545,0.025648731738328934,0.01969200372695923,0.07497299462556839
64,3.12,mid,1,sample_0001,0.12469366192817688,7,1.2473144080446474,5.3278329212547435,26.332847625685446,842.3755729905474,0.6166753171078476,41.200889587402344,1.5715464353561401,-0.055427299624587145,-0.04366913720049367,0.054627675563097,0.010253263637423515,0.03557596355676651
64,3.12,mid,2,sample_0002,0.08706062287092209,5,0.7618526456631345,3.4437378532425265,42.459809033980136,1195.9827937133755,0.30702970001585445,44.41462326049805,1.2810349464416504,-0.03396866263628337,-0.028187625155186174,0.021541696041822433,0.006255323998630047,0.020064735785126686
64,3.12,mid,3,sample_0003,0.14414919912815094,214,0.7285637212616852,2.541328559040471,11.708993963855395,88.64342848476012,1.1777163898315623,8.46546459197998,1.7461975812911987,-0.03413873089189797,0.005578138570402687,0.19107317924499512,0.0751863345503807,0.15906205773353577
64,3.12,mid,4,sample_0004,0.2100750356912613,119,0.7298357186391183,2.3079399153701523,9.641551384854312,73.04368379140259,0.3963727918183861,4.867954730987549,1.106951117515564,0.0019577874342521797,-0.0016650332254972298,0.20957890152931213,0.09080778062343597,0.16273678839206696
64,3.12,mid,5,sample_0005,0.29411783814430237,122,2.181644133718353,5.783241188315702,11.852975919960725,74.68380730132057,1.6504537965691788,8.003618240356445,2.0562455654144287,0.0013970860726754992,0.0006787869791210475,0.5117127895355225,0.08848200738430023,0.19399625062942505
64,3.12,mid,6,sample_0006,0.2556737959384918,111,1.4251786567546418,4.505569257885324,12.055863211846424,84.38295421426741,1.3088636235442597,8.6405668258667,1.7513294219970703,-0.019576993338908603,0.04465418678155306,0.3540746867656708,0.07858600467443466,0.19330115616321564
64,3.12,mid,7,sample_0007,0.22781510651111603,5,0.7492367492979743,3.2529175229848075,17.422779531097532,748.9636255599795,0.4781831008009777,58.208927154541016,0.7796600461006165,0.019338239327872306,-0.02044194808167312,0.04907957836985588,0.015087864361703396,0.04536845535039902
64,3.12,mid,8,sample_0008,0.14925335347652435,64,1.500852804592661,3.8545836200587926,4.603803257181418,37.38575652020291,0.7436807940560375,5.44122314453125,1.3430358171463013,-0.020331197159050535,-0.02425320596869796,0.15087921917438507,0.039142806082963943,0.0744486153125763
64,3.12,mid,9,sample_0009,0.23388078808784485,43,1.6686981892284962,4.6358973494273945,4.566898183739947,42.90448210268205,1.489421984723081,10.40272045135498,1.9507901668548584,-0.04494894352858204,0.019722486704934223,0.2378678023815155,0.0513099804520607,0.11179842054843903
64,3.12,mid,10,sample_0010,0.21830163896083832,117,1.198703975964754,3.5605345047917947,9.078749881340084,57.91454075006267,0.8600961988150253,6.288142681121826,1.4307421445846558,-0.008741665520274167,-0.031548108431407325,0.28062203526496887,0.07881458103656769,0.16835470497608185
64,3.12,mid,11,sample_0011,0.33082783222198486,325,1.1844923570883412,3.021039390614204,8.020965957591939,66.82462884062697,0.6197876070794885,3.2245097160339355,1.3165446519851685,-0.001949073281682444,0.0031354512211704396,0.5722095370292664,0.18940816819667816,0.3231775760650635
64,3.12,mid,12,sample_0012,0.11915162950754166,145,0.9946271890509452,2.7286507858697346,6.80639353488545,57.79935041103083,0.41060276381430255,3.7621121406555176,1.1312764883041382,-0.021315112218011627,0.03396959233041883,0.14818377792835236,0.05430661141872406,0.09438427537679672
64,3.12,mid,13,sample_0013,0.029531186446547508,4,0.2818651126963703,1.980810819025819,23.562942240952843,753.4766062912314,0.10588506571124073,24.065044403076172,1.1025779247283936,0.06188245076482022,-0.03364371165986019,0.004347420763224363,0.0021947682835161686,0.007637172471731901
64,3.12,mid,14,sample_0014,0.21703191101551056,118,1.4294650421309079,4.332245110712627,10.532263002097402,69.09453000169079,1.6256792528902666,9.954113960266113,1.971919298171997,0.007714978632376213,-0.027902469305766096,0.2716352045536041,0.0627007931470871,0.14616265892982483
64,3.12,mid,15,sample_0015,0.05553796514868736,2,-0.10146062049864223,0.7266401449403825,19.768682138065607,651.4318971200709,0.04612183752586106,32.28632354736328,0.9627161622047424,0.0007690190335152225,0.002107836275557011,0.002851211465895176,0.003923828713595867,0.010571759194135666
64,3.12,default,0,sample_0000,0.30165812373161316,10,-0.29604467345981833,0.31919926269891635,46.159053337508404,933.1682904022312,0.0037979352533737847,4.358822345733643,1.0012458562850952,0.0018025194376835715,9.864062580634871e-05,0.0019703193102031946,0.0061726938001811504,0.01419506873935461
64,3.12,default,1,sample_0001,0.12469366192817688,7,0.15605217097488136,1.348370996008997,26.332847625685446,842.3755729905474,0.05142407099434319,14.076330184936523,0.994384229183197,0.010587699655349562,0.010285274988938444,0.0045553590171039104,0.003378416644409299,0.007541980128735304
64,3.12,default,2,sample_0002,0.08706062287092209,5,-0.015340632663188669,0.9697466395261426,42.459809033980136,1195.9827937133755,0.03007984036943671,15.998748779296875,1.009262204170227,-0.001445165304527169,0.01095271004483156,0.002110449830070138,0.002176289912313223,0.004291875287890434
64,3.12,default,3,sample_0003,0.14414919912815094,214,0.6954706281646204,2.047434771609023,11.708993963855395,88.64342848476012,0.2826656452759055,3.0800485610961914,1.0880779027938843,-0.030480437145586257,0.02013190691792634,0.04585978761315346,0.022398656234145164,0.03373418003320694
64,3.12,default,4,sample_0004,0.2100750356912613,119,0.7047820806424034,1.9415630485872832,9.641551384854312,73.04368379140259,0.09585321312569067,2.104672908782959,1.0194519758224487,-0.009373406418957042,-0.01887982467861667,0.05068160966038704,0.026103509590029716,0.03487333282828331
64,3.12,default,5,sample_0005,0.29411783814430237,122,2.0137535179307373,4.141344509660468,11.852975919960725,74.68380730132057,0.3866283808853695,3.0395467281341553,1.095157265663147,0.011966927309207284,-0.02860600327056362,0.11987169086933136,0.028945114463567734,0.04515278339385986
64,3.12,default,6,sample_0006,0.2556737959384918,111,1.2462686156529426,2.9816560090007296,12.055863211846424,84.38295421426741,0.2677049163351389,3.1976020336151123,1.0563924312591553,-0.007162726607286373,0.013714004128009601,0.07241971790790558,0.024288421496748924,0.038620322942733765
64,3.12,default,7,sample_0007,0.22781510651111603,5,-0.06644853373126464,0.8696459558273493,17.422779531097532,748.9636255599795,0.04466750053300032,20.967607498168945,1.0062838792800903,0.008946635945619539,0.025001381452556485,0.0045845662243664265,0.005271761678159237,0.010341770015656948
64,3.12,default,8,sample_0008,0.14925335347652435,64,1.3825161809561626,2.9635336642159253,4.603803257181418,37.38575652020291,0.17772427940619134,2.3366596698760986,1.0153695344924927,-0.015753759643362578,0.029616469126489343,0.0360570028424263,0.012166894972324371,0.01728016510605812
64,3.12,default,9,sample_0009,0.23388078808784485,43,1.2331305436947182,2.958937454111232,4.566898183739947,42.90448210268205,0.2921405909118137,3.840106725692749,1.1130656003952026,-0.07771752503954536,-0.03637443846256712,0.04665624722838402,0.015767905861139297,0.025048719719052315
64,3.12,default,10,sample_0010,0.21830163896083832,117,0.8047304046760683,2.1706042234596348,9.078749881340084,57.91454075006267,0.16001327533782303,2.5113797187805176,1.0123131275177002,0.004049889425350019,-0.022599275187539045,0.05220724269747734,0.024051940068602562,0.03498724848031998
64,3.12,default,11,sample_0011,0.33082783222198486,325,0.695189581433263,1.8299043754808966,8.020965957591939,66.82462884062697,0.12665273652262518,1.6721827983856201,1.0209101438522339,-0.002986900388157946,0.01308240958984648,0.11693022400140762,0.06389963626861572,0.07628219574689865
64,3.12,default,12,sample_0012,0.11915162950754166,145,0.6024654089837602,1.749587198771414,6.80639353488545,57.79935041103083,0.08084962602715258,1.8174387216567993,0.99869704246521,0.01663466737795816,0.02740041685033523,0.029178086668252945,0.016677126288414,0.02074967324733734
64,3.12,default,13,sample_0013,0.029531186446547508,4,-0.04102216397412443,0.9114485008863127,23.562942240952843,753.4766062912314,0.017857746795734337,9.486161231994629,1.0013090372085571,-0.008068319155694647,-0.01388598965688866,0.0007332019740715623,0.0008044359856285155,0.0017364762024953961
64,3.12,default,14,sample_0014,0.21703191101551056,118,1.2054555903850184,3.010499538843729,10.532263002097402,69.09453000169079,0.38406717274107866,3.7675375938415527,1.0177897214889526,0.054387415614069845,0.00160201800313226,0.06417389214038849,0.021316692233085632,0.035552699118852615
64,3.12,default,15,sample_0015,0.05553796514868736,2,-0.45936445924912356,0.2099797043815038,19.768682138065607,651.4318971200709,0.004156795547805036,10.761610984802246,1.004079818725586,-0.0023132449749942077,0.004196928411125638,0.00025696944794617593,0.0012237823102623224,0.002104674931615591
64,3.12,lowpass_only,0,sample_0000,0.30165812373161316,10,36.873484389328226,342.6055474370169,46.159053337508404,933.1682904022312,0.391348848623722,1.2773061990737915,1.1667659282684326,-0.0789410078608027,-0.14812495352202767,0.203026682138443,0.0005925960140302777,0.005489963572472334
64,3.12,lowpass_only,1,sample_0001,0.12469366192817688,7,30.860369849781538,420.4781284729687,26.332847625685446,842.3755729905474,1.5587518031564984,2.2675888538360596,1.9480066299438477,-0.14061250318212784,0.6838827273013267,0.13808074593544006,0.00032838984043337405,0.004463729914277792
64,3.12,lowpass_only,2,sample_0002,0.08706062287092209,5,28.44142459289484,401.28898632847944,42.459809033980136,1195.9827937133755,1.0314355069608134,1.5436601638793945,1.016845703125,0.5604778425620562,0.876938168990097,0.07236716896295547,0.00018033679225482047,0.0025380877777934074
64,3.12,lowpass_only,3,sample_0003,0.14414919912815094,214,8.80263562801836,37.62844967973803,11.708993963855395,88.64342848476012,0.5501371309402321,1.357661247253418,1.230821967124939,-0.018315356280155612,-0.06628096494034484,0.0892544686794281,0.002371994312852621,0.009870052337646484
64,3.12,lowpass_only,4,sample_0004,0.2100750356912613,119,4.07279408484443,21.186957173997815,9.641551384854312,73.04368379140259,0.18327694619334386,1.143107295036316,1.0748565196990967,-0.0023268517126527146,-0.07474478414770806,0.09690620005130768,0.004573861137032509,0.02267051488161087
64,3.12,lowpass_only,5,sample_0005,0.29411783814430237,122,11.51422812253825,52.93522900075028,11.852975919960725,74.68380730132057,0.5047112754173179,1.2760059833526611,1.1984217166900635,0.006085121935632784,0.0242384521021888,0.1564825475215912,0.0029561135452240705,0.013333627954125404
64,3.12,lowpass_only,6,sample_0006,0.2556737959384918,111,9.281705429352197,50.478349636129856,12.055863211846424,84.38295421426741,0.5149714646682754,1.285258173942566,1.162673830986023,0.08792071696648589,-0.09479572300636965,0.13931043446063995,0.0027598056476563215,0.014711803756654263
64,3.12,lowpass_only,7,sample_0007,0.22781510651111603,5,44.699606796186096,680.3583748738974,17.422779531097532,748.9636255599795,2.829224518464968,3.3143322467803955,2.6260406970977783,0.5059948897996984,0.018051703855840668,0.2903848886489868,0.00042681166087277234,0.006486814934760332
64,3.12,lowpass_only,8,sample_0008,0.14925335347652435,64,5.13963013869456,26.82965060773112,4.603803257181418,37.38575652020291,0.32664537177675473,1.1770601272583008,1.0942920446395874,0.007712976998468932,0.05227378862740249,0.0662703663110733,0.0024700420908629894,0.012413407675921917
64,3.12,lowpass_only,9,sample_0009,0.23388078808784485,43,4.465262056903081,29.334927364231685,4.566898183739947,42.90448210268205,0.5126880480584937,1.370650053024292,1.1376242637634277,-0.024598391360890124,0.01953293104475027,0.08187872916460037,0.0027911686338484287,0.017711739987134933
64,3.12,lowpass_only,10,sample_0010,0.21830163896083832,117,6.950847472482895,35.71741465778543,9.078749881340084,57.91454075006267,0.36818909905090946,1.1885298490524292,1.0855368375778198,-0.058331573306512945,0.019115889586430998,0.12012839317321777,0.003363300347700715,0.016798684373497963
64,3.12,lowpass_only,11,sample_0011,0.33082783222198486,325,8.42373877000558,26.549545251470498,8.020965957591939,66.82462884062697,0.17439818659461354,1.075791597366333,1.036301851272583,-0.00812235220771925,0.022765487231660674,0.1610104888677597,0.006064529065042734,0.01839396543800831
64,3.12,lowpass_only,12,sample_0012,0.11915162950754166,145,5.409003462914604,24.736701276770347,6.80639353488545,57.79935041103083,0.17767641028347086,1.096243977546692,1.022499442100525,-0.05966494218282932,-0.03151058935176559,0.06412222236394882,0.0025921897031366825,0.011375484056770802
64,3.12,lowpass_only,13,sample_0013,0.029531186446547508,4,34.000995772301756,452.481243382987,23.562942240952843,753.4766062912314,1.057991896130819,1.683882713317871,1.0699771642684937,0.6121591589649565,-0.09749059890982137,0.043438948690891266,9.600165503798053e-05,0.0012747552245855331
64,3.12,lowpass_only,14,sample_0014,0.21703191101551056,118,8.684961782836178,48.0623302627884,10.532263002097402,69.09453000169079,0.6832431735379938,1.3763363361358643,1.2322486639022827,0.021001576238419643,0.012247517303056484,0.11416329443454742,0.0023753175046294928,0.012871441431343555
64,3.12,lowpass_only,15,sample_0015,0.05553796514868736,2,23.318183315697173,412.3617086764608,19.768682138065607,651.4318971200709,0.49548788739170774,1.4475637674331665,0.6006755828857422,-0.1406263134036697,0.28560172449622684,0.030630625784397125,7.428096432704479e-05,0.0013104084646329284
128,1.56,near_identity,0,sample_0000,0.2915171682834625,49,20.01101388527315,157.49803663214496,105.36510604472156,2438.1188909417947,1.9365003203253603,5.429003715515137,2.1097218990325928,0.6322176937373977,-0.19569725818318057,1.2085633277893066,0.007673513609915972,0.06001144275069237
128,1.56,near_identity,1,sample_0001,0.17466963827610016,26,140.84360738920003,2046.6727517779173,141.17195273563692,3990.9597479498707,3.6038429696306316,3.263770580291748,2.7837369441986084,0.820217303518758,0.714759520514739,0.6057090163230896,0.00029594814986921847,0.004298477433621883
128,1.56,near_identity,2,sample_0002,0.11002462357282639,21,64.58600139101704,805.5445161245799,108.54994660430762,4020.1425846500674,2.285330280369399,3.292454957962036,1.8767536878585815,0.44589662147534914,0.9485854978417521,0.27640679478645325,0.000343130377586931,0.004274357575923204
128,1.56,near_identity,3,sample_0003,0.14442802965641022,855,11.412499683235604,37.50377364221899,14.503824631862958,134.81465356962553,2.0482163719935103,2.742884397506714,2.1153390407562256,-0.010584012329766412,0.3290038019707553,0.3710094690322876,0.009892590343952179,0.03164222463965416
128,1.56,near_identity,4,sample_0004,0.21152395009994507,484,10.1132743938388,25.407053341623275,14.339894519535418,166.56776467167373,1.2979477072337309,2.842313289642334,1.6633007526397705,-0.05967609625141695,-0.009782020232743436,0.9509063959121704,0.037426866590976715,0.09032480418682098
128,1.56,near_identity,5,sample_0005,0.29920417070388794,497,10.737854983813186,33.68819419792146,15.008119398337286,100.19992004749021,2.4911004476913314,3.8320119380950928,2.5691027641296387,0.04343373182899587,0.11060266525493377,0.9048504829406738,0.026859572157263756,0.08176594972610474
128,1.56,near_identity,6,sample_0006,0.25862494111061096,444,13.21815147675513,39.3344173420939,15.237922886671068,116.88591679768696,2.3282111590104195,3.5179319381713867,2.3627421855926514,0.02293488517120062,0.24988761360230977,0.7440080642700195,0.01891493797302246,0.054855864495038986
128,1.56,near_identity,7,sample_0007,0.27261388301849365,17,94.4926156473576,1359.6785473509567,113.66481919917011,4226.877070783876,4.22600295895966,4.935515403747559,3.2646186351776123,0.9468438509855949,0.9152015870223731,1.0753329992294312,0.0007908729603514075,0.011371704749763012
128,1.56,near_identity,8,sample_0008,0.14910809695720673,262,13.025096266479522,37.61500078826852,11.816516082676364,129.42883630033927,1.4704503263900124,2.9991838932037354,1.7677687406539917,-0.01885550791846283,-0.007847382092622895,0.7817056775093079,0.020781753584742546,0.05841983109712601
128,1.56,near_identity,9,sample_0009,0.2579042315483093,166,13.789376778244181,46.50556018928961,17.636120169150914,195.548759252501,2.069158536450269,4.453400611877441,2.226999282836914,-0.01490240095224586,-0.016079921167455536,1.1578387022018433,0.024896780028939247,0.08216048777103424
128,1.56,near_identity,10,sample_0010,0.21848389506340027,473,11.152702755970562,30.88973753961796,11.028178070020441,86.90579175239756,1.8922660550387513,3.118293046951294,2.065448522567749,0.05797423327574972,-0.00045333428515954746,0.7992892861366272,0.02587556093931198,0.06934764981269836
128,1.56,near_identity,11,sample_0011,0.33138149976730347,1318,5.498125825758604,12.511967986309257,10.311206155761123,94.95636689674767,0.8903123162377432,2.0802974700927734,1.452292799949646,-0.0011776260298820378,0.00997707161635494,0.9100160002708435,0.07273164391517639,0.1522854119539261
128,1.56,near_identity,12,sample_0012,0.12071223556995392,583,8.888881804231858,23.207964784429652,11.264450624155348,126.03813757531603,0.9822241122831978,2.2659637928009033,1.4838682413101196,0.007574750940177725,-0.0031299803760371473,0.5174932479858398,0.022298088297247887,0.05570949986577034
128,1.56,near_identity,13,sample_0013,0.15744823217391968,8,89.18351221767148,1191.654345604847,113.67715792483116,5791.777933746268,2.9343372518582567,6.694186687469482,3.7727572917938232,0.9763890279236975,-0.8953218632898414,1.3340411186218262,0.0011194866383448243,0.014945830218493938
128,1.56,near_identity,14,sample_0014,0.2170277237892151,479,15.277887078442486,48.56929024355597,12.550531207947222,94.06973856931268,2.8203471973008725,3.451864242553711,2.6611063480377197,0.012337179479144068,0.6120697715880051,0.5447890162467957,0.011216738261282444,0.03492448106408119
128,1.56,near_identity,15,sample_0015,0.0857236236333847,8,89.09856758509316,1082.1226986581905,110.17354114549715,5121.027875170369,3.138526360317754,6.955467700958252,3.7441275119781494,-0.9452545845892869,0.5348582400375388,0.8703049421310425,0.0008042571716941893,0.009758862666785717
128,1.56,weak,0,sample_0000,0.2915171682834625,49,-0.06583734026265001,0.05645453550474919,105.36510604472156,2438.1188909417947,0.000669988762035003,4.476099967956543,0.9995865821838379,0.0001896485878363429,-1.461901754983857e-05,0.00041813772986643016,0.007406627759337425,0.10614781826734543
128,1.56,weak,1,sample_0001,0.17466963827610016,26,1.2357991651967457,26.21694578819245,141.17195273563692,3990.9597479498707,0.6859482601327719,15.506941795349121,1.3934110403060913,0.02310953116887835,-0.009884407863732543,0.11528944224119186,0.004397516138851643,0.08973296731710434
128,1.56,weak,2,sample_0002,0.11002462357282639,21,0.404368409615629,9.082695137391827,108.54994660430762,4020.1425846500674,0.18382043077222554,14.18757438659668,1.0519667863845825,0.0008323279894483907,0.0017769707434762956,0.022232767194509506,0.002447816077619791,0.04892803356051445
128,1.56,weak,3,sample_0003,0.14442802965641022,855,0.6828554826385053,11.72944165196798,14.503824631862958,134.81465356962553,1.6515949303526485,4.485663414001465,2.4409425258636475,-0.0025836456605345254,0.012430243217604064,0.29916632175445557,0.025505589321255684,0.40075936913490295
128,1.56,weak,4,sample_0004,0.21152395009994507,484,0.24586967322702952,3.6267327700595717,14.339894519535418,166.56776467167373,0.17374034638110056,2.342933416366577,1.0751237869262695,0.004957176334048689,-0.00271534228013111,0.1272861808538437,0.035096652805805206,0.3749528229236603
128,1.56,weak,5,sample_0005,0.29920417070388794,497,6.473025335519523,65.93287915486954,15.008119398337286,100.19992004749021,2.2120310122550015,3.436037063598633,3.165260076522827,-0.003978436748196375,-0.017985851503008198,0.8034831881523132,0.012186381034553051,0.12224528193473816
128,1.56,weak,6,sample_0006,0.25862494111061096,444,1.1004212240303024,21.055551423696876,15.237922886671068,116.88591679768696,1.3716106679971742,3.748633861541748,2.293145179748535,0.003964619574019456,0.0028994406066978873,0.4383147954940796,0.020817065611481667,0.3793981075286865
128,1.56,weak,7,sample_0007,0.27261388301849365,17,2.2811884433935847,46.04714093569289,113.66481919917011,4226.877070783876,0.8363506390622027,15.519281387329102,1.5027267932891846,0.0044198418257547995,0.03022182464521084,0.21281467378139496,0.00462166965007782,0.09126514941453934
128,1.56,weak,8,sample_0008,0.14910809695720673,262,0.30180172119545734,4.693196747875318,11.816516082676364,129.42883630033927,0.11534650284882796,2.039029121398926,1.0588123798370361,0.006252386665499156,0.00294984618677793,0.061319321393966675,0.013065576553344727,0.15988558530807495
128,1.56,weak,9,sample_0009,0.2579042315483093,166,1.2896291887822573,19.021453037901523,17.636120169150914,195.548759252501,0.37557086027901077,2.4844179153442383,1.326069712638855,-0.020585958840239147,-0.017582506039493812,0.21015812456607819,0.01104847900569439,0.15439294278621674
128,1.56,weak,10,sample_0010,0.21848389506340027,473,0.25369628397613864,4.637962352823724,11.028178070020441,86.90579175239756,0.33360945065599645,2.9005019664764404,1.2552144527435303,0.017178821619428075,0.001623820299594158,0.14091594517230988,0.0303831584751606,0.43568941950798035
128,1.56,weak,11,sample_0011,0.33138149976730347,1318,1.3059206830884726,12.36447926668534,10.311206155761123,94.95636689674767,0.573432068407552,1.8916767835617065,1.4949167966842651,0.00047080108302149503,-0.008161291647854669,0.5861228108406067,0.04740376025438309,0.41252049803733826
128,1.56,weak,12,sample_0012,0.12071223556995392,583,0.17723691565476457,2.9934679811923246,11.264450624155348,126.03813757531603,0.1143960395378733,1.8767061233520508,1.0578768253326416,-0.00818483721182735,-0.009455031160158478,0.06027054041624069,0.02013401873409748,0.2264568954706192
128,1.56,weak,13,sample_0013,0.15744823217391968,8,0.120842619327464,2.7317692309332795,113.67715792483116,5791.777933746268,0.00851026805994668,5.691825866699219,1.0008097887039185,0.005372627817842821,-0.000710083848269401,0.0038690329529345036,0.0014163103187456727,0.020296834409236908
128,1.56,weak,14,sample_0014,0.2170277237892151,479,0.7833634347998321,15.610930235410438,12.550531207947222,94.06973856931268,1.9019255104758126,5.256932258605957,2.751955032348633,0.01169220684617106,0.03617750738799108,0.3673831820487976,0.023533714935183525,0.4389398992061615
128,1.56,weak,15,sample_0015,0.0857236236333847,8,-0.0678137971082471,0.049261891357674496,110.17354114549715,5121.027875170369,0.0001579720922981639,5.689404487609863,1.0000120401382446,-4.549526508107395e-05,1.844017413966789e-05,4.380523751024157e-05,0.0008892317418940365,0.01246688049286604
128,1.56,mid,0,sample_0000,0.2915171682834625,49,-0.23317290762149323,0.12382619254541376,105.36510604472156,2438.1188909417947,0.0005111721121072624,2.2099595069885254,1.0000014305114746,-9.479492147377863e-05,-4.125720514066767e-05,0.00031902079354040325,0.002576359547674656,0.00968096498399973
128,1.56,mid,1,sample_0001,0.17466963827610016,26,0.47892219709628686,3.0611685691750816,141.17195273563692,3990.9597479498707,0.059032980326431124,11.463011741638184,1.0470397472381592,-0.022254644700047413,-0.022135457112454703,0.009921855293214321,0.003241198603063822,0.013949356973171234
128,1.56,mid,2,sample_0002,0.11002462357282639,21,0.4093240655048798,2.590494654108668,108.54994660430762,4020.1425846500674,0.04236743616018944,11.630663871765137,1.0169178247451782,-0.0006820660503639144,-0.00661939333811774,0.005124269053339958,0.001978104468435049,0.007686243858188391
128,1.56,mid,3,sample_0003,0.14442802965641022,855,1.1416419473679462,3.4840105895247637,14.503824631862958,134.81465356962553,0.3821431456552073,2.8385202884674072,1.158748984336853,-0.05519340276445955,0.02191173880969726,0.06922058016061783,0.019868073984980583,0.04322940856218338
128,1.56,mid,4,sample_0004,0.21152395009994507,484,0.5148315674961079,1.8376227194255885,14.339894519535418,166.56776467167373,0.061778960856698296,1.8939616680145264,0.9974321126937866,0.005531236728021346,0.008897495475824364,0.04526069015264511,0.024630023166537285,0.04007265344262123
128,1.56,mid,5,sample_0005,0.29920417070388794,497,1.9732866127534225,7.008260225317405,15.008119398337286,100.19992004749021,0.353849804952952,2.2898776531219482,1.1546183824539185,-0.04798779024264038,-0.05324531191060682,0.12853001058101654,0.018339788541197777,0.05584096163511276
128,1.56,mid,6,sample_0006,0.25862494111061096,444,1.2084241516639678,4.242749717002251,15.237922886671068,116.88591679768696,0.2829347717114819,2.8623199462890625,1.115074634552002,0.0022219923656076166,-0.02321826198866916,0.09041523188352585,0.021310526877641678,0.05718580260872841
128,1.56,mid,7,sample_0007,0.27261388301849365,17,0.3241650426578678,2.0794248199200647,113.66481919917011,4226.877070783876,0.04147872556726667,16.542490005493164,0.9627421498298645,0.014431800451879286,0.022039807291023616,0.010554522275924683,0.005075693130493164,0.016901357099413872
128,1.56,mid,8,sample_0008,0.14910809695720673,262,0.7519145700557135,2.3158598158170745,11.816516082676364,129.42883630033927,0.052789646959932754,1.9460679292678833,1.0231013298034668,-0.04253585007840674,-0.03685318655101069,0.028063489124178886,0.012117956764996052,0.021206574514508247
128,1.56,mid,9,sample_0009,0.2579042315483093,166,1.598653655192764,4.684495592991399,17.636120169150914,195.548759252501,0.13241565797019691,2.839916229248047,1.0539673566818237,-0.05877741710489033,-0.05078812456918366,0.07409580796957016,0.015817243605852127,0.03645477816462517
128,1.56,mid,10,sample_0010,0.21848389506340027,473,0.9337290508022383,3.0556768302966697,11.028178070020441,86.90579175239756,0.1445266575805829,2.1736228466033936,1.0743968486785889,-0.07605939142365939,-0.036325293057760374,0.061047762632369995,0.01997847482562065,0.04398415982723236
128,1.56,mid,11,sample_0011,0.33138149976730347,1318,0.9703112392141433,2.7579236475793394,10.311206155761123,94.95636689674767,0.11662906428754535,1.4227204322814941,1.0134012699127197,-0.012127488735580427,0.04555698874685058,0.11921020597219467,0.04322462156414986,0.078310526907444
128,1.56,mid,12,sample_0012,0.12071223556995392,583,0.40809069890367267,1.6686157008012992,11.264450624155348,126.03813757531603,0.047783403367785464,1.6096311807632446,0.9902994632720947,0.04075114683615127,0.009796451799531364,0.025175098329782486,0.015087415464222431,0.02471921779215336
128,1.56,mid,13,sample_0013,0.15744823217391968,8,-0.2631322519038309,0.34979119723185115,113.67715792483116,5791.777933746268,0.0016966503753058856,8.321859359741211,1.0013749599456787,-3.771085415432044e-05,0.0017304768492010074,0.0007713501108810306,0.0022051730193197727,0.005449058022350073
128,1.56,mid,14,sample_0014,0.2170277237892151,479,1.6381310459901093,5.736469552209592,12.550531207947222,94.06973856931268,0.4901171827147473,3.1452817916870117,1.1746970415115356,0.003324490400663542,-0.018173135630498993,0.09467290341854095,0.01650368794798851,0.047718536108732224
128,1.56,mid,15,sample_0015,0.0857236236333847,8,-0.14975732138993816,0.6311468584736533,110.17354114549715,5121.027875170369,0.0022932814337473886,6.306887626647949,1.0012800693511963,-0.0017075680904979234,-0.0040779439280474285,0.0006359207909554243,0.0010075639002025127,0.00248163565993309
128,1.56,default,0,sample_0000,0.2915171682834625,49,-0.3164557620298243,0.4405819069037026,105.36510604472156,2438.1188909417947,3.020764001084608e-05,1.0200576782226562,0.9999847412109375,-0.0018193241108310164,0.008309684799285268,1.8852486391551793e-05,4.278996857465245e-05,7.564242696389556e-05
128,1.56,default,1,sample_0001,0.17466963827610016,26,-0.03664125592513314,0.9073955516082919,141.17195273563692,3990.9597479498707,0.003420697173153507,3.0372657775878906,0.9983758330345154,0.008504963977660119,0.004615917885451904,0.0005749271367676556,0.0006336014484986663,0.0016013182466849685
128,1.56,default,2,sample_0002,0.11002462357282639,21,-0.1866993753429955,0.5649394483186433,108.54994660430762,4020.1425846500674,0.001545412838526483,2.781679391860962,1.0006952285766602,-0.0015077434011031888,-0.008621980531325216,0.00018691504374146461,0.000330858543748036,0.0007709907949902117
128,1.56,default,3,sample_0003,0.14442802965641022,855,0.6391223875969613,1.984560467727624,14.503824631862958,134.81465356962553,0.03259713820075331,1.250170350074768,0.9989814162254333,-0.009583353990581056,0.010572784262965937,0.005904574878513813,0.0029752557165920734,0.00458334619179368
128,1.56,default,4,sample_0004,0.21152395009994507,484,0.5041204529403636,1.6571078806614878,14.339894519535418,166.56776467167373,0.00638421314234575,1.1016747951507568,1.0000784397125244,0.0011327831493873099,0.00212904107101214,0.004677221644669771,0.002822520909830928,0.0036790824960917234
128,1.56,default,5,sample_0005,0.29920417070388794,497,2.1096448605038067,5.66439135245008,15.008119398337286,100.19992004749021,0.05275998034145643,1.216841697692871,1.010698914527893,-0.06631776109449154,-0.05948638702272176,0.019164178520441055,0.0033832723274827003,0.007480361498892307
128,1.56,default,6,sample_0006,0.25862494111061096,444,1.1688372713532058,3.170896424878774,15.237922886671068,116.88591679768696,0.030407015240995178,1.25439453125,1.0056036710739136,-0.008467499533247972,-0.024107386048482962,0.009716929867863655,0.0030644109938293695,0.00569156976416707
128,1.56,default,7,sample_0007,0.27261388301849365,17,-0.19231618489789185,0.5838902302682102,113.66481919917011,4226.877070783876,0.002158266425555297,3.8857436180114746,0.9981257319450378,0.003053725130276193,0.015388901370749414,0.0005491844494827092,0.0009405611199326813,0.002035068813711405
128,1.56,default,8,sample_0008,0.14910809695720673,262,0.9075403840004014,2.2445442215711395,11.816516082676364,129.42883630033927,0.005972571940656341,1.1066474914550781,0.9998825192451477,-0.010922629008914256,0.007946378323771645,0.003175077261403203,0.0014145754976198077,0.0019398605218157172
128,1.56,default,9,sample_0009,0.2579042315483093,166,1.2978502123870275,3.2422721111133086,17.636120169150914,195.548759252501,0.011591971956771734,1.2274861335754395,1.002197504043579,-0.04109790883496889,-0.041207052630248424,0.00648651784285903,0.002000608714297414,0.003456415142863989
128,1.56,default,10,sample_0010,0.21848389506340027,473,0.6451935946791238,2.064234830560834,11.028178070020441,86.90579175239756,0.012976665299309131,1.147138237953186,1.0006096363067627,0.0024768511425678546,-0.014213430974042087,0.0054813167080283165,0.0026553745847195387,0.004379990976303816
128,1.56,default,11,sample_0011,0.33138149976730347,1318,0.5358329035437971,1.7440782957155287,10.311206155761123,94.95636689674767,0.01263803326334477,1.0686454772949219,1.0001107454299927,0.0032394646625195003,0.012781357907817972,0.012917728163301945,0.00740662170574069,0.010285121388733387
128,1.56,default,12,sample_0012,0.12071223556995392,583,0.3267551206226999,1.3773380018646613,11.264450624155348,126.03813757531603,0.004879560282376694,1.076429009437561,1.0001003742218018,0.006749118906974624,-0.0015617240371158794,0.0025708384346216917,0.0018665269017219543,0.002155472058802843
128,1.56,default,13,sample_0013,0.15744823217391968,8,-0.22123951968545344,0.6066996860285057,113.67715792483116,5791.777933746268,0.0003244805781846837,1.808768391609192,1.0002052783966064,-0.007901777665942345,-0.006541486397737982,0.0001475189783377573,0.00024314991605933756,0.00043225070112384856
128,1.56,default,14,sample_0014,0.2170277237892151,479,1.0963354003579207,3.0841001248760955,12.550531207947222,94.06973856931268,0.04513431068909645,1.329400658607483,0.9942460060119629,0.05582048488339325,0.04472358934647375,0.00871831551194191,0.002826858777552843,0.005373772233724594
128,1.56,default,15,sample_0015,0.0857236236333847,8,-0.2441625437352654,0.5435781081217558,110.17354114549715,5121.027875170369,0.0001842771506531909,1.4954344034194946,0.9999107718467712,0.0029728256523832886,0.0027087163984017707,5.109955964144319e-05,9.400591807207093e-05,0.000175728666363284
128,1.56,lowpass_only,0,sample_0000,0.2915171682834625,49,5.2378993584100515,93.39512984722046,105.36510604472156,2438.1188909417947,6.666259364110286e-05,1.000091791152954,1.000001072883606,-0.03957983182620182,-0.03165504498710636,4.160390017204918e-05,4.4546013100443815e-07,7.85781321610557e-06
128,1.56,lowpass_only,1,sample_0001,0.17466963827610016,26,28.294935554642237,597.1656948883765,141.17195273563692,3990.9597479498707,0.18727570427461396,1.0543241500854492,0.983239471912384,-0.15557281153008148,0.6530445791998742,0.03147600591182709,5.270899782772176e-05,0.001110562589019537
128,1.56,lowpass_only,2,sample_0002,0.11002462357282639,21,38.36211401627895,906.6075305764871,108.54994660430762,4020.1425846500674,0.15876715328669494,1.0084017515182495,0.9406309127807617,-0.15110139694534705,0.6525457296034947,0.019202616065740585,2.118073643941898e-05,0.00050000986084342
128,1.56,lowpass_only,3,sample_0003,0.14442802965641022,855,7.3819267979447085,70.90221808225243,14.503824631862958,134.81465356962553,0.07620591728135859,1.0111753940582275,1.0013870000839233,0.025496629567591373,-0.009212940044400438,0.013803774490952492,0.00019468748359940946,0.0018435684032738209
128,1.56,lowpass_only,4,sample_0004,0.21152395009994507,484,4.090876544197079,43.23929881871416,14.339894519535418,166.56776467167373,0.019070462265206294,1.0137393474578857,1.0065193176269531,-0.08770369386885962,-0.12508414985287353,0.013971460051834583,0.00032311948598362505,0.0033362875692546368
128,1.56,lowpass_only,5,sample_0005,0.29920417070388794,497,12.117287740955616,155.75617752395615,15.008119398337286,100.19992004749021,0.07070595483211678,0.9840539693832397,0.9715710878372192,0.11940451571156517,0.15815349214001337,0.025682752951979637,0.00016489074914716184,0.0021059054415673018
128,1.56,lowpass_only,6,sample_0006,0.25862494111061096,444,6.758926502841197,99.95853048816812,15.237922886671068,116.88591679768696,0.066777906269162,1.0097852945327759,0.9981979131698608,0.0908891896984718,0.019964715104531797,0.021339688450098038,0.0002134854148607701,0.0031256743241101503
128,1.56,lowpass_only,7,sample_0007,0.27261388301849365,17,38.23835901797895,878.3021891525685,113.66481919917011,4226.877070783876,0.39689962774076215,1.2120341062545776,0.9631937742233276,0.49218499296725376,-0.14695193886571073,0.10099360346794128,0.0001149873060057871,0.0026381523348391056
128,1.56,lowpass_only,8,sample_0008,0.14910809695720673,262,3.6156045464429947,47.691038547618966,11.816516082676364,129.42883630033927,0.012768326194305124,1.0065330266952515,0.999526858329773,0.04996778116216264,-0.030873179589931164,0.006787766236811876,0.00014232791727408767,0.0018379881512373686
128,1.56,lowpass_only,9,sample_0009,0.2579042315483093,166,5.790679327214436,79.5870419846306,17.636120169150914,195.548759252501,0.031308279037207405,1.0130748748779297,0.9987003803253174,0.046835493570197693,0.0010148956032601428,0.017519168555736542,0.00022012589033693075,0.002987394342198968
128,1.56,lowpass_only,10,sample_0010,0.21848389506340027,473,5.139670370691369,66.94932305237724,11.028178070020441,86.90579175239756,0.0343723843907318,1.0072757005691528,1.000819444656372,0.01398653166503234,0.020043981721650898,0.01451882440596819,0.00021686289983335882,0.00278266123495996
128,1.56,lowpass_only,11,sample_0011,0.33138149976730347,1318,6.975725651327912,65.0006720088171,10.311206155761123,94.95636689674767,0.019399535796566888,1.001126766204834,0.9996439218521118,0.0740669134978167,-0.07660711446559565,0.01982887089252472,0.0003050563973374665,0.002798822009935975
128,1.56,lowpass_only,12,sample_0012,0.12071223556995392,583,3.7080959278282326,41.06710243294521,11.264450624155348,126.03813757531603,0.012389656742658657,1.0083868503570557,1.006156325340271,-0.0735899082335279,-0.12853626815785446,0.006527597550302744,0.00015894955140538514,0.0017174981767311692
128,1.56,lowpass_only,13,sample_0013,0.15744823217391968,8,35.587675405453126,981.9891247949433,113.67715792483116,5791.777933746268,0.010779729893168683,1.010804533958435,1.0027306079864502,0.8393054755430489,-0.31992995195592194,0.004900800995528698,4.990686647943221e-06,0.00013757038686890155
128,1.56,lowpass_only,14,sample_0014,0.2170277237892151,479,8.418366430450872,116.51105658143031,12.550531207947222,94.06973856931268,0.11072636018626547,1.0027047395706177,0.9846309423446655,0.08760760187800999,0.1535220926312391,0.021388325840234756,0.00018357335648033768,0.002518867840990424
128,1.56,lowpass_only,15,sample_0015,0.0857236236333847,8,36.16485490325366,918.2721868530361,110.17354114549715,5121.027875170369,0.002929146350338232,1.0030320882797241,1.0006301403045654,-0.16050356900526241,0.06606617808526838,0.0008122444269247353,8.845345860208909e-07,2.2435036953538656e-05
256,0.78,near_identity,0,sample_0000,0.3042590320110321,190,132.94131379980723,2390.4853888018292,107.5173658751339,2684.568374865659,0.7326962632059563,0.5690349340438843,0.5387561917304993,0.9443709600046855,0.7501431265985666,0.49273890256881714,0.00020612504158634692,0.0037048887461423874
256,0.78,near_identity,1,sample_0001,0.18044231832027435,94,127.24890050725239,3478.5619200617125,111.07458874439227,3813.363028604063,1.242839944193474,0.3740549683570862,0.3548569679260254,0.9721814434761806,0.8127689567308931,0.23820659518241882,6.847846816526726e-05,0.001871435553766787
256,0.78,near_identity,2,sample_0002,0.11187576502561569,76,137.5346358717623,3994.3595309746815,130.7746848937799,5263.684149568925,1.1678943133956148,0.32589447498321533,0.2806869447231293,0.9722777631866555,0.9891914973038421,0.17410588264465332,4.3587933760136366e-05,0.0012655887985602021
256,0.78,near_identity,3,sample_0003,0.1446995884180069,3429,10.129401639637855,48.21280870446917,13.105093044177693,147.09867313287938,0.847074228958825,1.1253962516784668,0.9218436479568481,0.020736022778952073,0.5476222009205326,0.15709288418293,0.003258322598412633,0.015186934731900692
256,0.78,near_identity,4,sample_0004,0.2115899920463562,1934,14.058547803655166,55.19610295939994,16.288160254970663,241.85548838205492,0.6022063680530526,1.127353549003601,0.8634217977523804,0.3748619312945581,0.0015072016692947922,0.5042193531990051,0.009135053493082523,0.035215891897678375
256,0.78,near_identity,5,sample_0005,0.2997443974018097,2007,14.723403328900577,55.93332840122156,15.78096316004225,107.86248731763828,0.9260050360199366,1.1458925008773804,0.8383921384811401,0.3484004718013362,0.6492158169819062,0.3484695553779602,0.006230087950825691,0.023244589567184448
256,0.78,near_identity,6,sample_0006,0.2589515149593353,1792,11.957313590060284,62.529749082868825,15.807157022335478,126.73176283170952,0.9596458778211474,1.227574110031128,0.9136876463890076,0.05247030029891166,0.8168212364615879,0.31924962997436523,0.005105563905090094,0.026272127404808998
256,0.78,near_identity,7,sample_0007,0.2748040556907654,66,144.25501715010066,4699.719890675252,139.78404655377057,6042.805594693544,1.2536520813744483,0.3831070065498352,0.33175188302993774,0.9868370506059662,0.9778721869095838,0.3979494571685791,8.467514271615073e-05,0.0027580654714256525
256,0.78,near_identity,8,sample_0008,0.1491939276456833,1051,16.263442605466178,61.14789568472032,14.838349872204256,195.56794519783867,0.62141357026485,1.3072673082351685,0.9027676582336426,0.3142217800939895,0.06720082098521003,0.4279980957508087,0.006999392062425613,0.02588619850575924
256,0.78,near_identity,9,sample_0009,0.2585590183734894,662,29.32461597471006,123.7501749887342,27.63463788770733,329.9960278815026,0.8135184157934331,1.0579389333724976,0.6419668793678284,0.7002240693293295,0.5222976441271162,0.6381166577339172,0.0051564909517765045,0.02158460207283497
256,0.78,near_identity,10,sample_0010,0.21929435431957245,1923,11.972213591360415,50.20691997210661,11.577166669253845,100.79758655154279,0.7879563257064981,1.1980910301208496,0.8734617233276367,0.6041050887058501,0.10191752464412238,0.35898733139038086,0.007150156423449516,0.029387813061475754
256,0.78,near_identity,11,sample_0011,0.3313426971435547,5295,4.558511551906573,13.827950850064838,9.777860571448953,100.71892341411115,0.4763501318307558,1.3690156936645508,1.0634129047393799,0.03271525541097994,0.016483481683132583,0.49662676453590393,0.03591470420360565,0.10106633603572845
256,0.78,near_identity,12,sample_0012,0.12068425863981247,2350,8.236773061973178,29.379404431296873,12.410225996142856,165.47134791012883,0.4616776871396588,1.29891836643219,0.9788883328437805,0.03608271999924419,0.09438521244248899,0.26906436681747437,0.009158264845609665,0.03155435994267464
256,0.78,near_identity,13,sample_0013,0.20076937973499298,30,174.3823710601965,4511.143168171193,172.03671001039902,11035.35672198848,0.7892737233589366,0.6350566744804382,0.45090606808662415,0.9506448796877264,0.8861844113079216,0.5299720168113708,0.00011748064571293071,0.003038463881239295
256,0.78,near_identity,14,sample_0014,0.21756777167320251,1940,14.307903022632164,67.4690340445032,10.739715682165206,102.74697415833009,1.1132474630414848,1.147139549255371,0.873353123664856,0.08658505140303675,0.9233994158594031,0.22416825592517853,0.003322535427287221,0.015435226261615753
256,0.78,near_identity,15,sample_0015,0.10285546630620956,29,225.74667173944064,6724.742019036703,192.16899624670867,10661.769003741687,0.9725762667382549,0.33151552081108093,0.1866702288389206,0.9818802454436598,0.9823131855654343,0.40974414348602295,6.093083356972784e-05,0.0018147918162867427
256,0.78,weak,0,sample_0000,0.3042590320110321,190,-0.041313850422150855,0.0022945839997217683,107.5173658751339,2684.568374865659,1.123873391833646e-05,2.4931347370147705,0.9999897480010986,2.9006655158149558e-06,7.353832044992314e-06,7.558058769063791e-06,0.0032938688527792692,0.07954501360654831
256,0.78,weak,1,sample_0001,0.18044231832027435,94,0.9794823822512837,20.604507273086867,111.07458874439227,3813.363028604063,0.21747390337416456,7.27074670791626,1.1199225187301636,0.00953528858145927,-0.004324598814328144,0.04168172925710678,0.0020229422952979803,0.04048953577876091
256,0.78,weak,2,sample_0002,0.11187576502561569,76,0.014072410229943698,1.2788330167389605,130.7746848937799,5263.684149568925,0.00902719796177091,6.204577445983887,0.9986293911933899,-0.0015496277944559384,0.0010173416151012722,0.001345745287835598,0.0010523229138925672,0.02085089683532715
256,0.78,weak,3,sample_0003,0.1446995884180069,3429,0.6563677200514267,14.063403948381909,13.105093044177693,147.09867313287938,0.49945024632853413,1.929476261138916,1.4173567295074463,-0.008601505528806161,0.012153513298701162,0.09262479841709137,0.006586228962987661,0.13108287751674652
256,0.78,weak,4,sample_0004,0.2115899920463562,1934,0.061975414522229405,1.973344309718072,16.288160254970663,241.85548838205492,0.02620392641624154,1.373756766319275,0.9987635612487793,0.0003388540174158261,0.0037607402761515854,0.0219401977956295,0.01111828163266182,0.174616277217865
256,0.78,weak,5,sample_0005,0.2997443974018097,2007,15.523406251073977,403.705076136938,15.78096316004225,107.86248731763828,1.0809962908948934,1.8748736381530762,2.049027681350708,-0.007675698640716037,-0.014016642518206376,0.40679508447647095,0.0010076541220769286,0.026140360161662102
256,0.78,weak,6,sample_0006,0.2589515149593353,1792,2.320962943004335,64.46243436987224,15.807157022335478,126.73176283170952,0.6872182637517569,1.7934746742248535,1.6424143314361572,0.0036748185565742752,-0.0031497898626695582,0.22861993312835693,0.003546560648828745,0.09697413444519043
256,0.78,weak,7,sample_0007,0.2748040556907654,66,2.955783039322211,62.51259869879288,139.78404655377057,6042.805594693544,0.39179253994012914,6.504061698913574,1.2482775449752808,0.0025558875147347108,0.014469810551998889,0.12436754256486893,0.0019894796423614025,0.04140292480587959
256,0.78,weak,8,sample_0008,0.1491939276456833,1051,0.10832913985890479,3.0379953996733278,14.838349872204256,195.56794519783867,0.017419423729071713,1.2732707262039185,1.0102635622024536,-0.0013330121011838132,-0.0009915674244567038,0.011997614055871964,0.003949187695980072,0.07429604232311249
256,0.78,weak,9,sample_0009,0.2585590183734894,662,1.382852180719441,28.108776583332073,27.63463788770733,329.9960278815026,0.13192105373141133,1.421909213066101,1.0893847942352295,-0.0015735907847834471,-0.014343354517658235,0.10347770899534225,0.003681330941617489,0.0721670612692833
256,0.78,weak,10,sample_0010,0.21929435431957245,1923,0.3411414780211274,7.925074699181269,11.577166669253845,100.79758655154279,0.15758538111913775,1.5900508165359497,1.1275739669799805,0.017086694585672458,0.004643271303064742,0.0717947855591774,0.009059193544089794,0.18389904499053955
256,0.78,weak,11,sample_0011,0.3313426971435547,5295,3.1326103302409307,45.26561853992109,9.777860571448953,100.71892341411115,0.2227055765684624,1.2378864288330078,1.2134264707565308,-0.004875149712253088,-0.005596603109434276,0.23218540847301483,0.00512939877808094,0.07248140871524811
256,0.78,weak,12,sample_0012,0.12068425863981247,2350,-0.017117300809911733,0.7125614048428325,12.410225996142856,165.47134791012883,0.007433216603558849,1.2392339706420898,0.9996655583381653,0.0012876866167994146,8.013901733272598e-05,0.0043320562690496445,0.00607955502346158,0.10208962112665176
256,0.78,weak,13,sample_0013,0.20076937973499298,30,-0.04570990254447019,0.09712012011741628,172.03671001039902,11035.35672198848,0.00010859875699924738,3.0380523204803467,0.9999869465827942,5.395462221902154e-05,1.0474185648340144e-05,7.292058580787852e-05,0.0007508288254030049,0.014830664731562138
256,0.78,weak,14,sample_0014,0.21756777167320251,1940,0.7104915237528279,18.034325432084515,10.739715682165206,102.74697415833009,0.6908682813640193,2.4246904850006104,1.628895878791809,0.004120193191419574,0.03945218959258862,0.13911618292331696,0.00771396653726697,0.1849455088376999
256,0.78,weak,15,sample_0015,0.10285546630620956,29,-0.051208596429130296,0.022641925443126185,192.16899624670867,10661.769003741687,2.158123548420395e-05,2.7766036987304688,1.0000033378601074,2.4114500180170837e-06,5.330649935301326e-06,9.092124855669681e-06,0.00040156146860681474,0.0076641300693154335
256,0.78,mid,0,sample_0000,0.3042590320110321,190,-0.16900494684566883,0.05008710617723736,107.5173658751339,2684.568374865659,3.775487412914048e-05,1.2297585010528564,1.0000004768371582,-5.507697230492181e-05,-2.4560129087990706e-05,2.5390187147422694e-05,0.0005069206235930324,0.0028492091223597527
256,0.78,mid,1,sample_0001,0.18044231832027435,94,0.3777485621819174,2.677084245598575,111.07458874439227,3813.363028604063,0.012760943177325663,3.8040289878845215,1.0124939680099487,-0.02127644739811214,-0.017182337233837927,0.0024458023253828287,0.0009136067819781601,0.004056125413626432
256,0.78,mid,2,sample_0002,0.11187576502561569,76,0.2502663524277917,2.049223352093001,130.7746848937799,5263.684149568925,0.007419000123795889,3.671844720840454,1.0024030208587646,-0.000683310120773975,-0.004861110612583562,0.0011060003889724612,0.0005397168570198119,0.0022627233993262053
256,0.78,mid,3,sample_0003,0.1446995884180069,3429,1.169482844729335,4.48859450721908,13.105093044177693,147.09867313287938,0.08138094916313221,1.2842128276824951,1.0071412324905396,-0.026256666274019583,0.04606167450312473,0.015092382207512856,0.003362384857609868,0.010030072182416916
256,0.78,mid,4,sample_0004,0.2115899920463562,1934,0.502542497894874,2.3087840812463085,16.288160254970663,241.85548838205492,0.009514606734414255,1.1160953044891357,0.999532163143158,-0.00039773298049424155,7.91697698986433e-05,0.007966453209519386,0.0034504972863942385,0.008986216969788074
256,0.78,mid,5,sample_0005,0.2997443974018097,2007,1.7334411121119793,8.379841527817126,15.78096316004225,107.86248731763828,0.08189078532687999,1.2496381998062134,1.0318102836608887,-0.07328941903100791,-0.06488792266684038,0.030816728249192238,0.0036774834152311087,0.015656283125281334
256,0.78,mid,6,sample_0006,0.2589515149593353,1792,1.19577023077583,5.7363441394495895,15.807157022335478,126.73176283170952,0.06543768506385686,1.315127968788147,1.0213311910629272,-0.0004960287439228612,-0.03015738546023356,0.021769443526864052,0.003795003052800894,0.015031684190034866
256,0.78,mid,7,sample_0007,0.2748040556907654,66,0.2813717638981412,2.0125241174803463,139.78404655377057,6042.805594693544,0.008481178538350644,4.569018363952637,0.9920154213905334,0.010645688691697052,0.019394397264363386,0.0026921986136585474,0.001337722409516573,0.004813831299543381
256,0.78,mid,8,sample_0008,0.1491939276456833,1051,0.6160390299283163,2.8167178499314516,14.838349872204256,195.56794519783867,0.007551861212921108,1.1270009279251099,1.0048503875732422,-0.05176143127207672,-0.04395475988527526,0.005201338324695826,0.0018465954344719648,0.005445666145533323
256,0.78,mid,9,sample_0009,0.2585590183734894,662,1.7254748279118706,6.580851778929609,27.63463788770733,329.9960278815026,0.027372831005554755,1.3171882629394531,1.0112537145614624,-0.06481188904154836,-0.06271499515323221,0.02147100679576397,0.003262648591771722,0.0105526652187109
256,0.78,mid,10,sample_0010,0.21929435431957245,1923,1.1630757002523395,5.107406149450667,11.577166669253845,100.79758655154279,0.03372042665603989,1.1731066703796387,1.0186922550201416,-0.08689309970910554,-0.06685561987005464,0.015362787991762161,0.0030079432763159275,0.01062256284058094
256,0.78,mid,11,sample_0011,0.3313426971435547,5295,1.0586265714680683,4.10346138286297,9.777860571448953,100.71892341411115,0.02152358697999916,1.047605037689209,0.9966570734977722,0.019648969654597174,0.018433850874389042,0.022439774125814438,0.005468498915433884,0.016031408682465553
256,0.78,mid,12,sample_0012,0.12068425863981247,2350,0.34635926574714165,2.033334107002472,12.410225996142856,165.47134791012883,0.006990621162509303,1.073826789855957,0.9966784715652466,0.021110895593808562,0.027693320219363122,0.004074112977832556,0.0020036613568663597,0.005977757275104523
256,0.78,mid,13,sample_0013,0.20076937973499298,30,0.005546306683675679,1.0180360515236242,172.03671001039902,11035.35672198848,0.0007352488088100224,2.315319061279297,1.0005578994750977,-0.0007034136128392203,-0.005181973312067975,0.0004936960176564753,0.0004849494434893131,0.0015770087484270334
256,0.78,mid,14,sample_0014,0.21756777167320251,1940,1.7732831982329116,7.905588338251222,10.739715682165206,102.74697415833009,0.11026357535786709,1.3502317667007446,1.0269566774368286,-0.009228541907793564,-0.03548869117582752,0.022203143686056137,0.0028085377998650074,0.010937117040157318
256,0.78,mid,15,sample_0015,0.10285546630620956,29,-0.07767750792226011,0.7374888949150423,192.16899624670867,10661.769003741687,0.00038301685932968816,1.9673352241516113,1.0002061128616333,-0.0027910283524852715,-0.0023511188212646137,0.0001613641215953976,0.00021880210260860622,0.0007394416024908423
256,0.78,default,0,sample_0000,0.3042590320110321,190,-0.3255650400715256,0.2339124794578889,107.5173658751339,2684.568374865659,2.3042289317408357e-06,1.0030012130737305,0.9999998211860657,-0.00019758635999132107,0.0004619214296475098,1.5495960496991756e-06,6.624682100664359e-06,1.5588546375511214e-05
256,0.78,default,1,sample_0001,0.18044231832027435,94,-0.19211057998749842,0.5015322784581199,111.07458874439227,3813.363028604063,0.00032293707414287264,1.378800630569458,0.9999449849128723,0.0011774404750516955,-0.0012980017129417764,6.18951307842508e-05,0.00012341205729171634,0.0003202162333764136
256,0.78,default,2,sample_0002,0.11187576502561569,76,-0.2205009976472337,0.4756422501116903,130.7746848937799,5263.684149568925,0.00020934985060217678,1.325878381729126,1.0001479387283325,-0.006099255424351379,-0.0036598808916902,3.1209194276016206e-05,6.561484769918025e-05,0.0001560340024298057
256,0.78,default,3,sample_0003,0.1446995884180069,3429,0.44151154334143183,1.779874366189733,13.105093044177693,147.09867313287938,0.0037160694386213122,1.031693935394287,0.9997584819793701,-0.01581771577778572,0.018297222910941807,0.0006891580997034907,0.000387194799259305,0.0006839307025074959
256,0.78,default,4,sample_0004,0.2115899920463562,1934,0.3199545437208349,1.5127508677954735,16.288160254970663,241.85548838205492,0.0006295829298168144,1.0117160081863403,1.0000090599060059,-0.0026248841524025993,0.006946855678720032,0.0005271413829177618,0.0003484654298517853,0.0005584416794590652
256,0.78,default,5,sample_0005,0.2997443974018097,2007,1.847328302764892,5.261426789485547,15.78096316004225,107.86248731763828,0.007037392264890372,1.0330864191055298,1.002395510673523,-0.11718914739278584,-0.09989501064965954,0.0026482760440558195,0.0005033380002714694,0.001161102787591517
256,0.78,default,6,sample_0006,0.2589515149593353,1792,1.0403749954668715,3.3516511996758824,15.807157022335478,126.73176283170952,0.004571316411794063,1.0374960899353027,1.001427412033081,-0.025627067391248162,-0.03956058091286242,0.0015207600081339478,0.00045373456669040024,0.0010256161913275719
256,0.78,default,7,sample_0007,0.2748040556907654,66,-0.2641976505773115,0.4130708119867939,139.78404655377057,6042.805594693544,0.00024615797456936997,1.5065616369247437,0.9997961521148682,0.0021370345979244442,0.008935619351699212,7.81384514993988e-05,0.00018916478438768536,0.0004202396667096764
256,0.78,default,8,sample_0008,0.1491939276456833,1051,1.0126056834829968,2.8742373658307674,14.838349872204256,195.56794519783867,0.0007885810722611211,1.0124292373657227,0.999984622001648,0.0028491843230504144,-0.004864141811803563,0.000543134578038007,0.00018896649999078363,0.00034975912421941757
256,0.78,default,9,sample_0009,0.2585590183734894,662,1.4286618731959975,3.734327421036465,27.63463788770733,329.9960278815026,0.001697797529094066,1.034006118774414,1.0005079507827759,-0.04982042466887026,-0.05241807506989386,0.0013317373814061284,0.00035662041045725346,0.0006825386662967503
256,0.78,default,10,sample_0010,0.21929435431957245,1923,0.7611580526200573,2.602537434078543,11.577166669253845,100.79758655154279,0.001961093159614911,1.0181034803390503,1.0000680685043335,0.00015720673625464567,0.0008270974796542666,0.0008934601792134345,0.00034330348717048764,0.0007227890309877694
256,0.78,default,11,sample_0011,0.3313426971435547,5295,0.26885715200551674,1.4413679448918009,9.777860571448953,100.71892341411115,0.0013041119383557578,1.0085680484771729,0.9999107122421265,0.007915790528759637,0.015934971254298318,0.0013596236240118742,0.000943286984693259,0.0015485421754419804
256,0.78,default,12,sample_0012,0.12068425863981247,2350,0.5210542149725499,1.866465577147261,12.410225996142856,165.47134791012883,0.0006881634744797376,1.0082998275756836,1.0000020265579224,0.0005612854388476732,-0.004197241852407361,0.0004010596021544188,0.00021487650519702584,0.0003573200083337724
256,0.78,default,13,sample_0013,0.20076937973499298,30,-0.2663461747671231,0.4742981511005845,172.03671001039902,11035.35672198848,2.9312244419506834e-05,1.1126632690429688,1.000025749206543,-0.00034214181364807385,-0.006431615242086919,1.9682232959894463e-05,4.149759479332715e-05,8.190604421542957e-05
256,0.78,default,14,sample_0014,0.21756777167320251,1940,1.7678100819580453,5.107538371071662,10.739715682165206,102.74697415833009,0.008522440939229842,1.0368900299072266,0.9983381032943726,0.09905685232464537,0.058835407471633405,0.0017161150462925434,0.00033599650487303734,0.0007806938956491649
256,0.78,default,15,sample_0015,0.10285546630620956,29,-0.2387952424941592,0.5092200457200653,192.16899624670867,10661.769003741687,2.0561289785243312e-05,1.075189232826233,0.9999821186065674,0.005364312658283591,0.0036633017214137533,8.662424079375342e-06,1.7011159798130393e-05,3.496190038276836e-05
256,0.78,lowpass_only,0,sample_0000,0.3042590320110321,190,3.8309693983532975,95.66939729917162,107.5173658751339,2684.568374865659,1.5925835242920564e-05,1.0000252723693848,1.000002384185791,-0.017052374320677237,-0.06358631207444498,1.0710138667491265e-05,1.1194847360229687e-07,2.7664502795232693e-06
256,0.78,lowpass_only,1,sample_0001,0.18044231832027435,94,26.055040168166002,548.4070232429688,111.07458874439227,3813.363028604063,0.04828142547655764,1.0046048164367676,0.9903303384780884,-0.07575936627583214,0.6328592797655216,0.009253769181668758,1.6873906133696437e-05,0.0003545147192198783
256,0.78,lowpass_only,2,sample_0002,0.11187576502561569,76,37.202439269461195,872.3386341350453,130.7746848937799,5263.684149568925,0.04090065357432266,0.9986336827278137,0.9897449612617493,-0.135366454871663,0.6243750091363882,0.006097336299717426,6.9896427703497466e-06,0.00016370826051570475
256,0.78,lowpass_only,3,sample_0003,0.1446995884180069,3429,4.6433745245053455,67.1521477047394,13.105093044177693,147.09867313287938,0.010041180729189348,1.0002446174621582,0.9988644123077393,0.014955128507671998,-0.046113517893955326,0.0018621721537783742,2.773064079519827e-05,0.00039506645407527685
256,0.78,lowpass_only,4,sample_0004,0.2115899920463562,1934,2.272402573769556,37.41754307521294,16.288160254970663,241.85548838205492,0.0019338634004365525,1.0018906593322754,1.000954508781433,-0.13112106834819462,-0.0004497867083539527,0.00161919801030308,4.327376518631354e-05,0.0006935057463124394
256,0.78,lowpass_only,5,sample_0005,0.2997443974018097,2007,13.218387816813761,209.01852803488836,15.78096316004225,107.86248731763828,0.018353054081975698,0.9884040951728821,0.9837803840637207,0.14040200839528805,0.14856980671680786,0.006906528957188129,3.304266283521429e-05,0.0005199942970648408
256,0.78,lowpass_only,6,sample_0006,0.2589515149593353,1792,6.390130130796141,118.07430657603044,15.807157022335478,126.73176283170952,0.014495897990996981,0.9971628189086914,0.9946387410163879,-0.0004996867746283133,0.10704673897380756,0.004822414368391037,4.084219835931435e-05,0.000748274615034461
256,0.78,lowpass_only,7,sample_0007,0.2748040556907654,66,40.82853845502463,931.793309900128,139.78404655377057,6042.805594693544,0.09218712959177111,1.000105619430542,0.9578539729118347,0.5005981447737499,-0.14202217649108576,0.02926315739750862,3.140520129818469e-05,0.000715963717084378
256,0.78,lowpass_only,8,sample_0008,0.1491939276456833,1051,2.921326969242373,51.13993748372931,14.838349872204256,195.56794519783867,0.0021974708627058733,1.0012212991714478,0.9997236132621765,0.043414228544088766,-0.039435176431137496,0.0015135062858462334,2.959538687719032e-05,0.0005079578259028494
256,0.78,lowpass_only,9,sample_0009,0.2585590183734894,662,5.719419710483749,93.62138131657832,27.63463788770733,329.9960278815026,0.005908744319865653,1.001310110092163,0.9991912841796875,0.04467919471942314,-0.0036355175826173853,0.004634766839444637,4.950543006998487e-05,0.0008017004583962262
256,0.78,lowpass_only,10,sample_0010,0.21929435431957245,1923,4.365769447333808,81.33343017339034,11.577166669253845,100.79758655154279,0.006806961108118041,1.0012149810791016,1.0000649690628052,0.06719255494482589,-0.07187406782917934,0.0031012033578008413,3.8129503082018346e-05,0.0007016114541329443
256,0.78,lowpass_only,11,sample_0011,0.3313426971435547,5295,5.485686231798842,68.55158780224421,9.777860571448953,100.71892341411115,0.003472452047913239,0.9984188675880432,0.9980489611625671,0.0010805992398063263,-0.01467801918208929,0.00362026272341609,5.2810777560807765e-05,0.000650320085696876
256,0.78,lowpass_only,12,sample_0012,0.12068425863981247,2350,2.9897814297880636,52.506682645628786,12.410225996142856,165.47134791012883,0.0017636337156262851,1.0016984939575195,1.0012151002883911,-0.05635317763175831,-0.06544270474572217,0.0010278404224663973,1.9575420083128847e-05,0.00033723702654242516
256,0.78,lowpass_only,13,sample_0013,0.20076937973499298,30,29.053618325431785,904.2124558288893,172.03671001039902,11035.35672198848,0.0021413672419499487,1.0040868520736694,1.0007390975952148,0.5948122595410732,-0.20266911151865272,0.0014378594933077693,1.5901778169791214e-06,4.943512612953782e-05
256,0.78,lowpass_only,14,sample_0014,0.21756777167320251,1940,8.166338479163146,154.91294780829202,10.739715682165206,102.74697415833009,0.022400393607732574,0.9975703358650208,0.9943848252296448,-0.04926305690905249,0.1861716046386887,0.004510638769716024,2.9117247322574258e-05,0.0005487797898240387
256,0.78,lowpass_only,15,sample_0015,0.10285546630620956,29,37.23463719337556,1015.0723439908082,192.16899624670867,10661.769003741687,0.0006463042031372191,1.0009942054748535,1.0001296997070312,-0.09902312047035546,0.07745337459234762,0.00027228647377341986,2.6824241672329663e-07,7.305514827748993e-06
